name,city,phone
John,bdc9WjaWusychoYG2b1Ayw==,OmTg2Mot9KzAKsB1tqhnVg==
Nick,adg1/S8ko31wrcVzNC3Xeg==,jh59xSXtpiOCI3HU06mpYQ==
Paul,aRKxZGJSoRgTRVH3Iipb/g==,HdZPrRQI/Etq4HlZi32pXQ==
Jo,bdc9WjaWusychoYG2b1Ayw==,/Z9y4O9GO6iU/dFONmZCMQ==
Larry,ImoKXsWEbYblf6tuiOKpIQ==,ZUsRpAR685un4MLjGJclSQ==
James,EAElcdCbLHx8ATIL2CbEGg==,ubXZmWObyYKpjVQCoXBH5g==
Smith,13u5jcn/aJlQoleD/seBuw==,ULMNrnm+PAz0PJMz9gm1Pw==
Rob,CIXkCAk7omA8tVZdAoT0Rg==,Yxv6hCYALw40VUFQBbosFw==
Kate,F9axYUEVnD7S+Pw/vP2Crg==,47gcN3rI86+j1KOrWQiR5g==
Tim,/AZ/gheAEqurChM44sLdkw==,K0imIfj+GxOc/akuX5sYwA==
Sara,gIyqkjm7WOyaO+lF2d0R5w==,ioPLluZHNNJ41MA2Y9XCSQ==
